symbol;ilosc
27.311;154
14.108;110
30.214;100
06.048 DD;100
08.066;91
25.159;85
30.024;79
40.102;78
30.035;75
40.100;74
30.146;72
17.114;69
27.189;65
KURIER30KG;63
26.172;59
40.101;55
00.401;48
09.066;47
26.188;46
17.130;45
10.073;44
00.159;44
08.069;40
26.169;39
06.048;37
25.161;37
26.174D;36
97.214;35
08.061;35
10.091;35
15.099;35
27.190;33
30.144;33
00.174;32
30.145A;32
27.311INOX;32
17.115;31
30.055;31
00.004;30
26.173;30
25.171;29
00.160;28
04.218;28
16.122;28
20.022;28
24.150;27
30.004;26
00.172;26
00.010;25
14.106;25
15.094;24
00.166;23
16.112;23
30.141;23
40.170;23
30.150;20
14.096;19
17.128;19
00.023;19
26.184;18
27.188;18
30.148;18
99.072;18
26.1791;17
00.186;17
02.007;17
08.068;17
09.068;17
14.094;17
17.119;17
26.174B;17
30.005;17
30.031;17
15.095;16
15.101;16
30.115;16
30.213;16
40.1703;16
16.109;15
26.1792;15
30.027;15
30.145;15
99.115;14
02.011;14
06.041;14
08.064;14
09.063;14
27.300;14
28.189;14
30.142;14
00.005;13
07.051;13
14.097;13
25.167;13
26.175;13
30.143;13
41.600;13
99.181;13
00.161;12
14.093;12
19.137;12
25.230;12
31.950;12
00.099;12
99.170;12
99.050;11
11.077;11
16.110;11
16.119;11
25.166;11
26.177;11
28.193;11
00.101;11
00.6001;11
98.066;10
03.021;10
00.6002;10
06.045;10
06.049;10
08.214;10
10.072;10
14.804;10
18.199;10
26.166;10
26.170;10
28.550;10
29.212;10
30.006D;10
30.030;10
30.140;10
00.1791;10
00.503-1;10
99.099;10
98.035;9
97.215;9
02.210L;9
07.044X;9
12.601;9
26.186;9
27.183;9
27.189GAL;9
28.500;9
30.003;9
00.006;9
00.550;9
00.560;9
00.041UJ;8
06.043;8
07.047;8
08.059;8
08.502-1;8
10.070;8
14.082;8
16.103;8
16.111;8
17.114INOX;8
17.116;8
17.117;8
17.127;8
24.151;8
26.178;8
26.181;8
28.560;8
00.011;8
27.311ALU;7
30.144W;7
00.041;7
00.503-2;7
03.015;7
08.050;7
08.065;7
14.087;7
15.103;7
17.120;7
24.152;7
25.168;7
26.171;7
26.189;7
28.190;7
30.044;7
30.215;7
16.117;7
00.154;7
00.230;7
99.041;7
99.113;7
08.503;6
99.103;6
98.184;6
00.091;6
05.032;6
08.048;6
08.500;6
10.083;6
10.092;6
17.122;6
26.176;6
27.186;6
27.200;6
30.056;6
00.190;6
00.077;6
99.180;6
99.500;6
99.502;6
08.061BLU;5
98.215;5
15.091;5
98.401;5
00.170;5
98.049;5
98.155;5
06.047;5
08.047;5
09.062;5
10.074;5
12.600;5
14.086;5
14.104;5
18.200;5
24.153;5
24.155;5
26.180;5
27.201;5
27.313;5
30.032;5
35.401;5
40.110;5
00.022;5
00.500;5
00.804;5
00.301;5
00.1794;4
00.021;4
02.211;4
05.030;4
05.037;4
06.042;4
08.049;4
08.063;4
08.067;4
08.215;4
08.216;4
10.075;4
11.076;4
15.096;4
15.098;4
15.100;4
16.107;4
17.125;4
18.124;4
18.125;4
25.164;4
25.165;4
26.187;4
26.1922;4
26.216;4
27.191;4
27.202;4
27.310;4
28.192;4
30.114;4
30.149;4
40.201;4
00.051;4
00.072;4
00.108;4
00.191;4
00.211;4
25.163;4
ZESTAW;4
14.108ALU;3
95.501ALU;3
00.092;3
26.192;3
00.1792;3
00.1793;3
98.044;3
98.047;3
98.804;3
98.041;3
01.104;3
02.010;3
02.015;3
02.212;3
02.214;3
03.014;3
05.036;3
06.044;3
07.044;3
08.060;3
09.067;3
10.076;3
14.083;3
14.098;3
14.100;3
15.092;3
15.093;3
16.120;3
17.118;3
18.127;3
19.130;3
19.131;3
19.141;3
20.011;3
23.051;3
24.149;3
24.154;3
24.206;3
26.165;3
28.188;3
30.006B;3
30.033;3
30.046;3
30.220;3
00.076;3
00.086;3
00.103;3
00.120;3
00.152;3
00.192;3
00.400;3
00.5041;3
00.098;3
00.112;3
00.113;3
25.170;3
99.183;3
08.069ALU;2
00.108ALU;2
00.214;2
99.311;2
13.112;2
98.068;2
97.050;2
98.099;2
98.170;2
97.097;2
98.072;2
01.101;2
01.102;2
02.010S;2
02.012;2
02.014;2
03.016M;2
03.023;2
06.040;2
07.040;2
07.042;2
07.043;2
07.045;2
07.048;2
10.066;2
10.067;2
10.071;2
10.084;2
10.085;2
10.089;2
10.090;2
10.095;2
11.071;2
14.092;2
15.102;2
16.116;2
16.121;2
17.123;2
17.126;2
17.131;2
18.129;2
18.201;2
19.134;2
19.140;2
20.020;2
25.160;2
25.162;2
26.164;2
26.167;2
26.168;2
26.182;2
26.183;2
27.179;2
30.025;2
30.026;2
30.028;2
30.029;2
30.147;2
30.147W;2
30.211;2
30.215DD;2
00.100;2
00.102;2
00.153;2
00.183;2
00.221;2
00.801;2
00.300;2
00.171;2
00.093;2
96.041;2
99.024;2
99.230;2
99.501;2
97.214ALU;1
08.065ALU;1
30.145ALU;1
30.214ALU;1
40.100ALU;1
00.159ALU;1
13.120;1
00.090;1
04.219;1
94.041;1
98.027;1
98.213;1
98.214;1
97.501;1
98.110;1
98.122;1
00.164;1
01.1031;1
02.016;1
02.210;1
02.215;1
03.010;1
03.011;1
03.013;1
03.013D;1
03.500;1
03.501;1
04.024;1
04.025;1
04.216;1
05.033;1
05.034;1
06.037;1
06.050;1
07.052;1
07.053;1
08.053;1
08.055;1
08.056;1
08.501;1
09.064;1
09.080;1
10.069;1
10.079;1
10.087;1
10.093;1
11.073;1
13.117;1
13.119;1
13.122;1
14.095;1
14.102;1
14.803;1
16.102;1
16.114;1
17.124;1
17.133;1
18.126;1
18.130;1
19.132;1
19.135;1
19.138;1
20.009;1
20.010;1
20.410;1
21.001;1
24.206D;1
25.172;1
25.220;1
25.221;1
26.160;1
26.176D;1
27.181;1
27.311B;1
27.312;1
28.191;1
28.505;1
30.007;1
30.009;1
30.021;1
30.045;1
30.219;1
00.0142;1
00.009;1
00.0141;1
00.030;1
00.087;1
00.116;1
00.505;1
00.020;1
00.007;1
99.091;1
99.216;1
99.301;1
10.081;0
10.094;0
13.118;0
14.089;0
14.802;0
29.213;0
08.068GAL;0
